LastName,FirstName,FullName,EmpID,MarriedID,FromDiversityJobFairID,Salary,Termd,Position,Zip,DOB,Sex,MaritalDesc,CitizenDesc,HispanicLatino,RaceDesc,DateofHire,DateofTermination,TermReason,EmploymentStatus,Department,ManagerName,ManagerID,RecruitmentSource,PerformanceScore,EngagementSurvey,EmpSatisfaction,SpecialProjectsCount,LastPerformanceReview_Date,DaysLateLast30,Absences
Adinolfi, Wilson  K, Wilson  K Adinolfi,10026,0,0,62506,0,Production Technician I,1960,10-07-1983,Male ,3,US Citizen,No,5,05-07-2011,27-07-2024,N/A-StillEmployed,0,Production       ,Michael Albert,22,5,Exceeds,4.6,5,0,17-01-2019,0,1
Ait Sidi, Karthikeyan   , Karthikeyan    Ait Sidi,10084,1,0,104437,1,Sr. DBA,2148,05-05-1975,Male ,1,US Citizen,No,5,30-03-2015,16-06-2016,career change,2,IT/IS,Simon Roup,4,4,Fully Meets,4.96,3,6,24-02-2016,0,17
Akinkuolie, Sarah, Sarah Akinkuolie,10196,1,0,64955,1,Production Technician II,1810,19-09-1988,Female,1,US Citizen,No,5,05-07-2011,24-09-2012,hours,2,Production       ,Kissy Sullivan,20,5,Fully Meets,3.02,3,0,15-05-2012,0,3
Alagbe,Trina,Trina Alagbe,10088,1,0,64991,0,Production Technician I,1886,27-09-1988,Female,1,US Citizen,No,5,07-01-2008,27-07-2024,N/A-StillEmployed,0,Production       ,Elijiah Gray,16,4,Fully Meets,4.84,5,0,03-01-2019,0,15
Anderson, Carol , Carol  Anderson,10069,0,0,50825,1,Production Technician I,2169,08-09-1989,Female,0,US Citizen,No,5,11-07-2011,06-09-2016,return to school,2,Production       ,Webster Butler,39,3,Fully Meets,5,4,0,01-02-2016,0,2
Anderson, Linda  , Linda   Anderson,10002,0,0,57568,0,Production Technician I,1844,22-05-1977,Female,3,US Citizen,No,5,09-01-2012,27-07-2024,N/A-StillEmployed,0,Production       ,Amy Dunn,11,5,Exceeds,5,5,0,07-01-2019,0,15
Andreola, Colby, Colby Andreola,10194,0,0,95660,0,Software Engineer,2110,24-05-1979,Female,3,US Citizen,No,5,10-11-2014,27-07-2024,N/A-StillEmployed,0,Software Engineering,Alex Sweetwater,10,5,Fully Meets,3.04,3,4,02-01-2019,0,19
Athwal, Sam, Sam Athwal,10062,0,0,59365,0,Production Technician I,2199,18-02-1983,Male ,4,US Citizen,No,5,30-09-2013,27-07-2024,N/A-StillEmployed,0,Production       ,Ketsia Liebig,19,2,Fully Meets,5,4,0,25-02-2019,0,19
Bachiochi, Linda, Linda Bachiochi,10114,0,1,47837,0,Production Technician I,1902,11-02-1970,Female,3,US Citizen,No,2,06-07-2009,27-07-2024,N/A-StillEmployed,0,Production       ,Brannon Miller,12,1,Fully Meets,4.46,3,0,25-01-2019,0,4
Bacong, Alejandro , Alejandro  Bacong,10250,0,0,50178,0,IT Support,1886,07-01-1988,Male ,0,US Citizen,No,5,05-01-2015,27-07-2024,N/A-StillEmployed,0,IT/IS,Peter Monroe,7,4,Fully Meets,5,5,6,18-02-2019,0,16
Baczenski, Rachael  , Rachael   Baczenski,10252,1,1,54670,1,Production Technician I,1902,12-01-1974,Female,1,US Citizen,Yes,2,10-01-2011,12-01-2017,Another position,2,Production       ,David Stanley,14,1,Fully Meets,4.2,4,0,30-01-2016,0,12
Barbara, Thomas, Thomas Barbara,10242,1,1,47211,1,Production Technician I,2062,21-02-1974,Male ,1,US Citizen,Yes,2,02-04-2012,19-09-2016,unhappy,2,Production       ,Kissy Sullivan,20,1,Fully Meets,4.2,3,0,06-05-2016,0,15
Barbossa, Hector, Hector Barbossa,10012,0,1,92328,0,Data Analyst,78230,04-07-1988,Male ,0,US Citizen,No,2,10-11-2014,27-07-2024,N/A-StillEmployed,0,IT/IS,Simon Roup,4,1,Exceeds,4.28,4,5,25-02-2019,0,9
Barone, Francesco  A, Francesco  A Barone,10265,0,0,58709,0,Production Technician I,1810,20-07-1983,Male ,3,US Citizen,No,4,20-02-2012,27-07-2024,N/A-StillEmployed,0,Production       ,Kelley Spirea,18,3,Fully Meets,4.6,4,0,14-02-2019,0,7
Barton, Nader, Nader Barton,10066,0,0,52505,1,Production Technician I,2747,15-07-1977,Male ,0,US Citizen,No,5,24-09-2012,06-04-2017,Another position,2,Production       ,Michael Albert,22,6,Fully Meets,5,5,0,02-03-2017,0,1
Bates, Norman, Norman Bates,10061,0,0,57834,1,Production Technician I,2050,18-10-1981,Male ,3,US Citizen,No,5,21-02-2011,04-08-2017,attendance,1,Production       ,Kelley Spirea,18,3,Fully Meets,5,4,0,05-04-2017,0,20
Beak, Kimberly  , Kimberly   Beak,10023,1,0,70131,0,Production Technician II,2145,17-04-1966,Female,1,US Citizen,No,5,21-07-2016,27-07-2024,N/A-StillEmployed,0,Production       ,Kelley Spirea,18,2,Exceeds,4.4,3,0,14-01-2019,0,16
Beatrice, Courtney , Courtney  Beatrice,10055,0,0,59026,0,Production Technician I,1915,27-10-1970,Female,3,Eligible NonCitizen,No,5,04-04-2011,27-07-2024,N/A-StillEmployed,0,Production       ,Elijiah Gray,16,3,Fully Meets,5,5,0,14-01-2019,0,12
Becker, Renee, Renee Becker,10245,0,0,110000,1,Database Administrator,2026,04-04-1986,Female,3,US Citizen,Yes,5,07-07-2014,12-09-2015,performance,1,IT/IS,Simon Roup,4,3,Fully Meets,4.5,4,5,15-01-2015,0,8
Becker, Scott, Scott Becker,10277,0,0,53250,0,Production Technician I,2452,06-04-1979,Male ,3,US Citizen,No,1,08-07-2013,27-07-2024,N/A-StillEmployed,0,Production       ,Webster Butler,0,5,Fully Meets,4.2,4,0,11-01-2019,0,13
Bernstein, Sean, Sean Bernstein,10046,0,0,51044,0,Production Technician I,2072,22-12-1970,Male ,3,US Citizen,Yes,5,02-04-2012,27-07-2024,N/A-StillEmployed,0,Production       ,Amy Dunn,11,3,Fully Meets,5,3,0,14-01-2019,0,13
Biden, Lowan  M, Lowan  M Biden,10226,0,0,64919,0,Production Technician I,2027,27-12-1958,Female,0,US Citizen,No,1,19-08-2013,27-07-2024,N/A-StillEmployed,0,Production       ,Ketsia Liebig,19,4,Fully Meets,4.2,3,0,10-01-2019,0,2
Billis, Helen, Helen Billis,10003,1,0,62910,0,Production Technician I,2031,01-09-1989,Female,1,US Citizen,No,5,07-07-2014,27-07-2024,N/A-StillEmployed,0,Production       ,Brannon Miller,12,4,Exceeds,5,3,0,27-02-2019,0,19
Blount, Dianna, Dianna Blount,10294,0,0,66441,0,Production Technician II,2171,21-09-1990,Female,3,US Citizen,No,5,04-04-2011,27-07-2024,N/A-StillEmployed,0,Production       ,Michael Albert,22,0,Needs Improvement,2,3,0,27-02-2019,2,3
Bondwell, Betsy, Betsy Bondwell,10267,0,0,57815,1,Production Technician II,2210,16-01-1967,Female,3,US Citizen,No,5,10-01-2011,04-04-2014,career change,2,Production       ,Elijiah Gray,16,3,Fully Meets,4.8,5,0,04-03-2014,0,5
Booth, Frank, Frank Booth,10199,0,0,103613,1,Enterprise Architect,6033,30-07-1964,Male ,3,US Citizen,No,2,17-02-2014,19-02-2016,Learned that he is a gangster,1,IT/IS,Simon Roup,4,5,Fully Meets,3.5,5,7,10-01-2016,0,2
Boutwell, Bonalyn, Bonalyn Boutwell,10081,1,1,106367,0,Sr. Accountant,2468,04-04-1987,Female,1,US Citizen,No,2,16-02-2015,27-07-2024,N/A-StillEmployed,0,Admin Offices,Brandon R. LeBlanc,3,1,Fully Meets,5,4,3,18-02-2019,0,4
Bozzi, Charles, Charles Bozzi,10175,0,0,74312,1,Production Manager,1901,10-03-1970,Male ,3,US Citizen,No,1,30-09-2013,07-08-2014,retiring,2,Production       ,Janet King,2,4,Fully Meets,3.39,3,0,20-02-2014,0,14
Brill, Donna, Donna Brill,10177,1,0,53492,1,Production Technician I,1701,24-08-1990,Female,1,US Citizen,No,5,02-04-2012,15-06-2013,Another position,2,Production       ,David Stanley,14,3,Fully Meets,3.35,4,0,04-03-2013,0,6
Brown, Mia, Mia Brown,10238,1,1,63000,0,Accountant I,1450,24-11-1987,Female,1,US Citizen,No,2,27-10-2008,27-07-2024,N/A-StillEmployed,0,Admin Offices,Brandon R. LeBlanc,1,1,Fully Meets,4.5,2,6,15-01-2019,0,14
Buccheri, Joseph  , Joseph   Buccheri,10184,0,0,65288,0,Production Technician II,1013,28-07-1983,Male ,3,US Citizen,No,5,29-09-2014,27-07-2024,N/A-StillEmployed,0,Production       ,Webster Butler,0,3,Fully Meets,3.19,3,0,01-02-2019,0,9
Bugali, Josephine , Josephine  Bugali,10203,0,1,64375,0,Production Technician I,2043,30-10-1969,Female,2,US Citizen,No,2,11-11-2013,27-07-2024,N/A-StillEmployed,0,Production       ,Kissy Sullivan,20,1,Fully Meets,3.5,5,0,21-01-2019,0,17
Bunbury, Jessica, Jessica Bunbury,10188,1,0,74326,1,Area Sales Manager,21851,01-06-1964,Female,1,Eligible NonCitizen,No,2,15-08-2011,02-08-2014,Another position,2,Sales,John Smith,17,3,Fully Meets,3.14,5,0,10-02-2013,1,19
Burke, Joelle, Joelle Burke,10107,0,0,63763,0,Production Technician II,2148,02-03-1980,Female,3,US Citizen,No,2,05-03-2012,27-07-2024,N/A-StillEmployed,0,Production       ,Amy Dunn,11,2,Fully Meets,4.51,4,0,21-02-2019,0,3
Burkett, Benjamin , Benjamin  Burkett,10181,1,0,62162,0,Production Technician II,1890,19-08-1977,Male ,1,US Citizen,No,5,04-04-2011,27-07-2024,N/A-StillEmployed,0,Production       ,Ketsia Liebig,19,4,Fully Meets,3.25,5,0,14-01-2019,0,15
Cady, Max , Max  Cady,10150,0,0,77692,0,Software Engineering Manager,2184,22-11-1966,Male ,3,US Citizen,No,5,15-08-2011,27-07-2024,N/A-StillEmployed,0,Software Engineering,Jennifer Zamora,5,3,Fully Meets,3.84,3,5,21-01-2019,0,4
Candie, Calvin, Calvin Candie,10001,0,0,72640,0,Production Manager,2169,09-08-1983,Male ,3,US Citizen,No,5,28-01-2016,27-07-2024,N/A-StillEmployed,0,Production       ,Janet King,2,4,Exceeds,5,3,0,22-02-2019,0,14
Carabbio, Judith, Judith Carabbio,10085,0,0,93396,0,Software Engineer,2132,05-04-1987,Female,3,US Citizen,No,5,11-11-2013,27-07-2024,N/A-StillEmployed,0,Software Engineering,Alex Sweetwater,10,4,Fully Meets,4.96,4,6,30-01-2019,0,3
Carey, Michael  , Michael   Carey,10115,0,0,52846,0,Production Technician I,1701,02-02-1983,Male ,3,US Citizen,No,2,31-03-2014,27-07-2024,N/A-StillEmployed,0,Production       ,Kelley Spirea,18,5,Fully Meets,4.43,3,0,01-02-2019,0,14
Carr, Claudia  N, Claudia  N Carr,10082,0,0,100031,0,Sr. DBA,1886,06-06-1986,Female,3,US Citizen,No,2,30-06-2016,27-07-2024,N/A-StillEmployed,0,IT/IS,Simon Roup,4,5,Fully Meets,5,5,6,18-02-2019,0,7
Carter, Michelle , Michelle  Carter,10040,0,0,71860,0,Area Sales Manager,5664,15-05-1963,Female,3,US Citizen,No,5,18-08-2014,27-07-2024,N/A-StillEmployed,0,Sales,John Smith,17,4,Fully Meets,5,5,0,21-01-2019,0,7
Chace, Beatrice , Beatrice  Chace,10067,0,0,61656,0,Production Technician I,2763,02-01-1951,Female,3,US Citizen,No,5,29-09-2014,27-07-2024,N/A-StillEmployed,0,Production       ,Michael Albert,22,3,Fully Meets,5,4,0,12-02-2019,0,11
Champaigne, Brian, Brian Champaigne,10108,1,0,110929,0,BI Director,2045,09-02-1972,Male ,1,US Citizen,No,5,06-09-2016,27-07-2024,N/A-StillEmployed,0,IT/IS,Jennifer Zamora,5,4,Fully Meets,4.5,5,7,15-01-2019,0,8
Chan, Lin, Lin Chan,10210,0,0,54237,0,Production Technician I,2170,12-02-1979,Female,3,US Citizen,No,5,12-05-2014,27-07-2024,N/A-StillEmployed,0,Production       ,Elijiah Gray,16,4,Fully Meets,3.3,4,0,19-02-2019,0,11
Chang, Donovan  E, Donovan  E Chang,10154,0,0,60380,0,Production Technician I,1845,24-08-1983,Male ,3,US Citizen,No,5,08-07-2013,27-07-2024,N/A-StillEmployed,0,Production       ,Webster Butler,0,5,Fully Meets,3.8,5,0,14-01-2019,0,4
Chigurh, Anton, Anton Chigurh,10200,0,0,66808,0,Area Sales Manager,78207,11-06-1970,Male ,3,Eligible NonCitizen,No,2,14-05-2012,27-07-2024,N/A-StillEmployed,0,Sales,Lynn Daneault,21,2,Fully Meets,3,5,0,19-01-2019,0,17
Chivukula, Enola, Enola Chivukula,10240,0,0,64786,1,Production Technician I,1775,27-08-1983,Female,3,US Citizen,No,5,27-06-2011,15-11-2015,relocation out of area,2,Production       ,Amy Dunn,11,4,Fully Meets,4.3,4,0,10-03-2015,0,3
Cierpiszewski, Caroline  , Caroline   Cierpiszewski,10168,0,0,64816,0,Production Technician I,2044,31-05-1988,Female,3,Non-Citizen,No,2,03-10-2011,27-07-2024,N/A-StillEmployed,0,Production       ,Ketsia Liebig,19,4,Fully Meets,3.58,5,0,30-01-2019,0,3
Clayton, Rick, Rick Clayton,10220,0,0,68678,0,IT Support,2170,05-09-1985,Male ,3,US Citizen,No,5,05-09-2012,27-07-2024,N/A-StillEmployed,0,IT/IS,Eric Dougall,6,4,Fully Meets,4.7,3,6,27-02-2019,0,2
Cloninger, Jennifer, Jennifer Cloninger,10275,1,0,64066,1,Production Technician II,1752,31-08-1981,Female,1,US Citizen,No,5,16-05-2011,07-01-2013,unhappy,2,Production       ,Brannon Miller,12,3,Fully Meets,4.2,5,0,03-05-2012,0,9
Close, Phil, Phil Close,10269,1,0,59369,1,Production Technician II,2169,25-11-1978,Male ,1,US Citizen,No,5,30-08-2010,26-09-2011,career change,2,Production       ,David Stanley,14,4,Fully Meets,4.2,4,0,04-05-2011,0,6
Clukey, Elijian, Elijian Clukey,10029,1,0,50373,0,Production Technician I,2134,26-08-1980,Male ,1,US Citizen,No,5,06-07-2016,27-07-2024,N/A-StillEmployed,0,Production       ,Brannon Miller,12,2,Exceeds,4.1,4,0,28-02-2019,0,5
Cockel, James, James Cockel,10261,0,0,63108,0,Production Technician I,2452,08-09-1977,Male ,3,US Citizen,No,5,08-07-2013,27-07-2024,N/A-StillEmployed,0,Production       ,David Stanley,14,2,Fully Meets,4.4,5,0,14-01-2019,0,3
Cole, Spencer, Spencer Cole,10292,0,0,59144,1,Production Technician I,1880,12-08-1979,Male ,3,US Citizen,No,2,11-07-2011,23-09-2016,performance,1,Production       ,Kissy Sullivan,20,5,Needs Improvement,2,3,0,01-05-2016,5,16
Corleone, Michael, Michael Corleone,10282,0,0,68051,0,Production Manager,1803,17-12-1975,Male ,0,US Citizen,No,5,20-07-2010,27-07-2024,N/A-StillEmployed,0,Production       ,Janet King,2,0,Needs Improvement,4.13,2,0,14-01-2019,3,3
Corleone, Vito, Vito Corleone,10019,0,0,170500,0,Director of Operations,2030,19-03-1983,Male ,3,US Citizen,No,2,05-01-2009,27-07-2024,N/A-StillEmployed,0,Production       ,Janet King,2,4,Exceeds,3.7,5,0,04-02-2019,0,15
Cornett, Lisa , Lisa  Cornett,10094,1,0,63381,0,Production Technician I,2189,31-03-1977,Female,1,US Citizen,Yes,5,05-01-2015,27-07-2024,N/A-StillEmployed,0,Production       ,Kelley Spirea,18,4,Fully Meets,4.73,5,0,14-02-2019,0,6
Costello, Frank, Frank Costello,10193,1,0,83552,0,Data Analyst,1810,26-08-1986,Male ,1,US Citizen,No,5,30-03-2015,27-07-2024,N/A-StillEmployed,0,IT/IS,Simon Roup,4,4,Fully Meets,3.04,3,6,22-01-2019,0,2
Crimmings,   Jean,   Jean Crimmings,10132,0,0,56149,0,Production Technician I,1821,10-04-1987,Female,3,US Citizen,No,5,06-07-2016,27-07-2024,N/A-StillEmployed,0,Production       ,Michael Albert,22,5,Fully Meets,4.12,5,0,28-01-2019,0,15
Cross, Noah, Noah Cross,10083,0,0,92329,0,Sr. Network Engineer,6278,09-09-1965,Male ,3,US Citizen,No,5,10-11-2014,27-07-2024,N/A-StillEmployed,0,IT/IS,Peter Monroe,7,2,Fully Meets,5,3,4,02-01-2019,0,5
Daneault, Lynn, Lynn Daneault,10099,0,0,65729,0,Sales Manager,5473,19-04-1990,Female,3,US Citizen,No,5,05-05-2014,27-07-2024,N/A-StillEmployed,0,Sales,Debra Houlihan,15,4,Fully Meets,4.62,4,0,24-01-2019,0,8
Daniele, Ann  , Ann   Daniele,10212,1,0,85028,0,Sr. Network Engineer,6033,18-01-1952,Female,1,US Citizen,No,5,10-11-2014,27-07-2024,N/A-StillEmployed,0,IT/IS,Peter Monroe,7,5,Fully Meets,3.1,5,8,12-02-2019,0,19
Darson, Jene'ya , Jene'ya  Darson,10056,1,0,57583,0,Production Technician I,2110,05-11-1978,Female,1,US Citizen,No,5,02-07-2012,27-07-2024,N/A-StillEmployed,0,Production       ,Elijiah Gray,16,4,Fully Meets,5,3,0,25-02-2019,0,1
Davis, Daniel, Daniel Davis,10143,0,0,56294,0,Production Technician II,2458,14-09-1979,Male ,3,Eligible NonCitizen,No,4,07-11-2011,27-07-2024,N/A-StillEmployed,0,Production       ,Kissy Sullivan,20,5,Fully Meets,3.96,4,0,27-02-2019,0,6
Dee, Randy, Randy Dee,10311,1,0,56991,0,Production Technician I,2138,15-04-1988,Male ,1,US Citizen,No,5,09-07-2018,27-07-2024,N/A-StillEmployed,0,Production       ,Brannon Miller,12,4,Fully Meets,4.3,4,3,31-01-2019,2,2
DeGweck,  James,  James DeGweck,10070,1,0,55722,1,Production Technician I,1810,31-10-1977,Male ,1,US Citizen,No,5,16-05-2011,08-06-2016,unhappy,2,Production       ,Webster Butler,39,4,Fully Meets,5,4,0,02-04-2016,0,14
Del Bosque, Keyla, Keyla Del Bosque,10155,0,0,101199,0,Software Engineer,2176,05-07-1979,Female,3,US Citizen,No,2,09-01-2012,27-07-2024,N/A-StillEmployed,0,Software Engineering,Alex Sweetwater,10,0,Fully Meets,3.79,5,5,25-01-2019,0,8
Delarge, Alex, Alex Delarge,10306,0,0,61568,0,Area Sales Manager,36006,02-11-1975,Male ,3,US Citizen,No,4,29-09-2014,27-07-2024,N/A-StillEmployed,0,Sales,John Smith,17,4,PIP,1.93,3,0,30-01-2019,6,5
Demita, Carla, Carla Demita,10100,0,0,58275,1,Production Technician II,2343,25-02-1951,Female,2,US Citizen,No,2,04-04-2011,04-11-2015,more money,2,Production       ,Kelley Spirea,18,3,Fully Meets,4.62,5,0,06-05-2015,0,1
Desimone, Carl , Carl  Desimone,10310,1,0,53189,0,Production Technician I,2061,19-04-1967,Male ,1,US Citizen,No,5,07-07-2014,27-07-2024,N/A-StillEmployed,0,Production       ,Amy Dunn,11,4,PIP,1.12,2,0,31-01-2019,4,9
DeVito, Tommy, Tommy DeVito,10197,0,0,96820,0,BI Developer,2045,04-09-1983,Male ,3,US Citizen,No,5,15-02-2017,27-07-2024,N/A-StillEmployed,0,IT/IS,Brian Champaigne,13,4,Fully Meets,3.01,5,7,23-01-2019,0,15
Dickinson, Geoff , Geoff  Dickinson,10276,0,0,51259,0,Production Technician I,2180,15-11-1982,Male ,3,US Citizen,No,5,12-05-2014,27-07-2024,N/A-StillEmployed,0,Production       ,Ketsia Liebig,19,4,Fully Meets,4.3,4,0,19-02-2019,0,1
Dietrich, Jenna  , Jenna   Dietrich,10304,0,0,59231,0,Area Sales Manager,98052,14-05-1987,Female,3,US Citizen,Yes,5,20-02-2012,27-07-2024,N/A-StillEmployed,0,Sales,John Smith,17,8,PIP,2.3,1,0,29-01-2019,2,17
DiNocco, Lily , Lily  DiNocco,10284,1,0,61584,0,Production Technician I,2351,02-12-1978,Female,1,US Citizen,No,2,07-01-2013,27-07-2024,N/A-StillEmployed,0,Production       ,Brannon Miller,12,4,Needs Improvement,3.88,4,0,18-01-2019,0,6
Dobrin, Denisa  S, Denisa  S Dobrin,10207,0,0,46335,0,Production Technician I,2125,07-10-1986,Female,3,US Citizen,Yes,5,02-04-2012,27-07-2024,N/A-StillEmployed,0,Production       ,David Stanley,14,0,Fully Meets,3.4,5,0,19-02-2019,0,15
Dolan, Linda, Linda Dolan,10133,1,0,70621,0,IT Support,2119,18-07-1988,Female,1,US Citizen,No,5,05-01-2015,27-07-2024,N/A-StillEmployed,0,IT/IS,Peter Monroe,7,2,Fully Meets,4.11,4,6,25-02-2019,0,16
Dougall, Eric, Eric Dougall,10028,0,0,138888,0,IT Manager - Support,1886,09-07-1970,Male ,3,US Citizen,No,2,05-01-2014,27-07-2024,N/A-StillEmployed,0,IT/IS,Jennifer Zamora,5,4,Exceeds,4.3,5,5,04-01-2019,0,4
Driver, Elle, Elle Driver,10006,0,0,74241,0,Area Sales Manager,90007,08-11-1988,Female,3,US Citizen,No,5,10-01-2011,27-07-2024,N/A-StillEmployed,0,Sales,Lynn Daneault,21,4,Exceeds,4.77,5,0,27-01-2019,0,14
Dunn, Amy  , Amy   Dunn,10105,0,0,75188,0,Production Manager,1731,28-11-1973,Female,3,US Citizen,No,5,18-09-2014,27-07-2024,N/A-StillEmployed,0,Production       ,Janet King,2,3,Fully Meets,4.52,4,0,15-01-2019,0,4
Dunne, Amy, Amy Dunne,10211,1,0,62514,0,Production Technician I,1749,23-09-1973,Female,1,US Citizen,No,5,26-04-2010,27-07-2024,N/A-StillEmployed,0,Production       ,Ketsia Liebig,19,3,Fully Meets,2.9,3,0,21-01-2019,0,6
Eaton, Marianne, Marianne Eaton,10064,1,0,60070,1,Production Technician I,2343,05-09-1991,Female,1,US Citizen,No,5,04-04-2011,06-06-2017,military,2,Production       ,Kissy Sullivan,20,3,Fully Meets,5,3,0,09-04-2017,0,7
Engdahl, Jean, Jean Engdahl,10247,0,0,48888,0,Production Technician I,2026,31-05-1974,Male ,3,US Citizen,No,5,10-11-2014,27-07-2024,N/A-StillEmployed,0,Production       ,Kelley Spirea,18,5,Fully Meets,4.7,5,0,13-02-2019,0,8
England, Rex, Rex England,10235,1,0,54285,0,Production Technician I,2045,25-08-1978,Male ,1,US Citizen,No,5,31-03-2014,27-07-2024,N/A-StillEmployed,0,Production       ,Kelley Spirea,18,2,Fully Meets,4.2,3,0,11-01-2019,0,3
Erilus, Angela, Angela Erilus,10299,0,0,56847,0,Production Technician II,2133,25-08-1989,Female,2,US Citizen,No,5,07-07-2014,27-07-2024,N/A-StillEmployed,0,Production       ,Michael Albert,22,4,PIP,3,1,0,25-02-2019,2,5
Estremera, Miguel, Miguel Estremera,10280,0,0,60340,1,Production Technician I,2129,02-09-1983,Male ,3,US Citizen,No,5,02-04-2012,27-09-2018,attendance,1,Production       ,Michael Albert,22,3,Needs Improvement,5,4,0,12-04-2018,5,16
Evensen, April, April Evensen,10296,0,0,59124,1,Production Technician I,2458,06-05-1989,Female,3,US Citizen,No,5,17-02-2014,25-02-2018,"no-call, no-show",1,Production       ,Elijiah Gray,16,3,Needs Improvement,2.3,3,0,15-01-2017,5,19
Exantus, Susan, Susan Exantus,10290,1,0,99280,1,Software Engineer,1749,15-05-1987,Female,1,US Citizen,No,2,02-05-2011,05-06-2013,attendance,1,Software Engineering,Alex Sweetwater,10,4,Needs Improvement,2.1,5,4,10-08-2012,4,19
Faller, Megan , Megan  Faller,10263,1,0,71776,0,Production Technician II,1824,22-09-1978,Female,1,US Citizen,No,2,07-07-2014,27-07-2024,N/A-StillEmployed,0,Production       ,Elijiah Gray,16,5,Fully Meets,4.4,5,0,22-02-2019,0,17
Fancett, Nicole, Nicole Fancett,10136,0,0,65902,0,Production Technician II,2324,27-09-1987,Female,3,US Citizen,No,2,17-02-2014,27-07-2024,N/A-StillEmployed,0,Production       ,Webster Butler,0,5,Fully Meets,4,4,0,07-01-2019,0,7
Ferguson, Susan, Susan Ferguson,10189,1,0,57748,1,Production Technician I,2176,14-04-1955,Female,1,US Citizen,No,5,07-11-2011,17-05-2016,military,2,Production       ,Webster Butler,39,3,Fully Meets,3.13,3,0,04-02-2016,0,16
Fernandes, Nilson  , Nilson   Fernandes,10308,1,0,64057,0,Production Technician I,2132,18-10-1989,Male ,1,US Citizen,No,5,11-05-2015,27-07-2024,N/A-StillEmployed,0,Production       ,Amy Dunn,11,4,PIP,1.56,5,0,03-01-2019,6,15
Fett, Boba, Boba Fett,10309,0,0,53366,0,Network Engineer,2138,18-06-1987,Male ,3,US Citizen,No,5,30-03-2015,27-07-2024,N/A-StillEmployed,0,IT/IS,Peter Monroe,7,5,PIP,1.2,3,6,04-02-2019,3,2
Fidelia,  Libby,  Libby Fidelia,10049,1,0,58530,0,Production Technician I,2155,16-03-1981,Female,1,US Citizen,No,5,09-01-2012,27-07-2024,N/A-StillEmployed,0,Production       ,Brannon Miller,12,3,Fully Meets,5,5,0,29-01-2019,0,19
Fitzpatrick, Michael  J, Michael  J Fitzpatrick,10093,0,0,72609,1,Production Technician II,2143,01-10-1981,Male ,3,US Citizen,Yes,5,16-05-2011,24-06-2013,hours,2,Production       ,Amy Dunn,11,3,Fully Meets,4.76,5,0,05-04-2013,0,20
Foreman, Tanya, Tanya Foreman,10163,1,0,55965,1,Production Technician II,2170,08-11-1983,Female,1,US Citizen,No,5,04-04-2011,09-01-2013,career change,2,Production       ,Ketsia Liebig,19,3,Fully Meets,3.66,3,0,07-01-2012,0,6
Forrest, Alex, Alex Forrest,10305,1,0,70187,1,Area Sales Manager,2330,07-07-1975,Male ,1,US Citizen,No,5,29-09-2014,19-08-2018,Fatal attraction,1,Sales,Lynn Daneault,21,2,PIP,2,5,0,28-01-2019,4,7
Foss, Jason, Jason Foss,10015,0,0,178000,0,IT Director,1460,05-07-1980,Male ,3,US Citizen,No,2,15-04-2011,27-07-2024,N/A-StillEmployed,0,IT/IS,Jennifer Zamora,5,4,Exceeds,5,5,5,07-01-2019,0,15
Foster-Baker, Amy, Amy Foster-Baker,10080,1,0,99351,0,Sr. Accountant,2050,16-04-1979,Female,1,US Citizen,no,5,05-01-2009,27-07-2024,N/A-StillEmployed,0,Admin Offices,Board of Directors,9,7,Fully Meets,5,3,2,08-02-2019,0,3
Fraval, Maruk , Maruk  Fraval,10258,0,0,67251,0,Area Sales Manager,6050,28-08-1963,Male ,3,US Citizen,No,2,06-09-2011,27-07-2024,N/A-StillEmployed,0,Sales,Lynn Daneault,21,0,Fully Meets,4.3,3,0,27-01-2019,2,7
Galia, Lisa, Lisa Galia,10273,0,0,65707,0,IT Support,6040,06-07-1968,Female,3,US Citizen,No,5,01-05-2010,27-07-2024,N/A-StillEmployed,0,IT/IS,Eric Dougall,6,5,Fully Meets,4.7,4,5,01-02-2019,0,1
Garcia, Raul, Raul Garcia,10111,0,0,52249,0,Production Technician I,1905,15-09-1985,Male ,3,US Citizen,Yes,5,30-03-2015,27-07-2024,N/A-StillEmployed,0,Production       ,David Stanley,14,2,Fully Meets,4.5,3,0,18-02-2019,0,5
Gaul, Barbara, Barbara Gaul,10257,0,0,53171,0,Production Technician I,2121,02-12-1983,Female,3,US Citizen,Yes,2,16-05-2011,27-07-2024,N/A-StillEmployed,0,Production       ,Kelley Spirea,18,5,Fully Meets,4.2,4,0,26-02-2019,0,12
Gentry, Mildred, Mildred Gentry,10159,1,0,51337,0,Production Technician I,2145,01-10-1990,Female,1,US Citizen,No,2,30-03-2015,27-07-2024,N/A-StillEmployed,0,Production       ,Michael Albert,22,5,Fully Meets,3.73,3,0,16-01-2019,0,19
Gerke, Melisa, Melisa Gerke,10122,0,1,51505,1,Production Technician I,2330,15-05-1970,Female,0,US Citizen,No,2,07-11-2011,15-11-2016,hours,2,Production       ,Elijiah Gray,16,1,Fully Meets,4.24,4,0,29-04-2016,0,2
Gill, Whitney  , Whitney   Gill,10142,0,0,59370,1,Area Sales Manager,43050,10-07-1971,Female,4,US Citizen,No,2,07-07-2014,05-09-2015,attendance,1,Sales,John Smith,17,0,Fully Meets,3.97,4,0,15-01-2014,0,7
Gilles, Alex, Alex Gilles,10283,1,1,54933,1,Production Technician I,2062,09-08-1974,Male ,1,US Citizen,No,2,02-04-2012,25-06-2015,military,2,Production       ,Webster Butler,39,1,Needs Improvement,3.97,4,0,20-01-2015,3,15
Girifalco, Evelyn, Evelyn Girifalco,10018,0,0,57815,0,Production Technician I,2451,08-05-1980,Female,3,US Citizen,Yes,4,29-09-2014,27-07-2024,N/A-StillEmployed,0,Production       ,Amy Dunn,11,4,Exceeds,3.9,4,0,07-02-2019,0,3
Givens, Myriam, Myriam Givens,10255,0,0,61555,0,Area Sales Manager,46204,22-09-1989,Female,3,US Citizen,No,5,16-02-2015,27-07-2024,N/A-StillEmployed,0,Sales,Lynn Daneault,21,4,Fully Meets,4.5,5,0,25-01-2019,0,20
Goble, Taisha, Taisha Goble,10246,0,0,114800,1,Database Administrator,2127,23-10-1971,Female,3,US Citizen,No,5,16-02-2015,15-03-2015,"no-call, no-show",1,IT/IS,Simon Roup,4,4,Fully Meets,4.6,4,4,20-01-2015,0,10
Goeth, Amon, Amon Goeth,10228,1,0,74679,0,IT Support,2135,24-11-1989,Male ,1,US Citizen,Yes,5,30-03-2015,27-07-2024,N/A-StillEmployed,0,IT/IS,Peter Monroe,7,5,Fully Meets,4.3,5,7,10-01-2019,0,20
Gold, Shenice  , Shenice   Gold,10243,0,0,53018,0,Production Technician I,2451,18-06-1992,Female,3,US Citizen,Yes,5,11-11-2013,27-07-2024,N/A-StillEmployed,0,Production       ,Ketsia Liebig,19,4,Fully Meets,4.3,5,0,18-02-2019,0,7
Gonzalez, Cayo, Cayo Gonzalez,10031,0,1,59892,0,Production Technician I,2108,29-09-1969,Male ,0,US Citizen,No,2,11-07-2011,27-07-2024,N/A-StillEmployed,0,Production       ,Brannon Miller,12,1,Exceeds,4.5,4,0,18-02-2019,0,1
Gonzalez, Juan, Juan Gonzalez,10300,1,1,68898,1,Production Technician II,2128,12-10-1964,Male ,1,US Citizen,No,2,26-04-2010,30-05-2011,career change,2,Production       ,Brannon Miller,12,1,PIP,3,3,0,06-03-2011,3,10
Gonzalez, Maria, Maria Gonzalez,10101,0,0,61242,0,IT Support,2472,16-04-1981,Female,2,US Citizen,Yes,5,05-01-2015,27-07-2024,N/A-StillEmployed,0,IT/IS,Peter Monroe,7,2,Fully Meets,4.61,4,5,28-01-2019,0,11
Good, Susan, Susan Good,10237,1,0,66825,0,Production Technician II,1886,25-05-1986,Female,1,US Citizen,No,5,12-05-2014,27-07-2024,N/A-StillEmployed,0,Production       ,David Stanley,14,5,Fully Meets,4.6,3,0,07-02-2019,0,20
Gordon, David, David Gordon,10051,1,0,48285,0,Production Technician I,2169,21-05-1979,Male ,1,US Citizen,No,5,02-07-2012,27-07-2024,N/A-StillEmployed,0,Production       ,David Stanley,14,5,Fully Meets,5,3,0,14-01-2019,0,2
Gosciminski, Phylicia  , Phylicia   Gosciminski,10218,0,0,66149,0,Production Technician II,1824,08-12-1983,Female,2,US Citizen,No,0,30-09-2013,27-07-2024,N/A-StillEmployed,0,Production       ,Kissy Sullivan,20,3,Fully Meets,4.4,5,0,21-02-2019,0,1
Goyal, Roxana, Roxana Goyal,10256,1,0,49256,0,Production Technician I,1864,09-10-1974,Female,1,US Citizen,No,1,19-08-2013,27-07-2024,N/A-StillEmployed,0,Production       ,Kissy Sullivan,20,5,Fully Meets,4.1,5,0,15-02-2019,0,3
Gray, Elijiah  , Elijiah   Gray,10098,0,0,62957,0,Production Manager,1752,11-07-1981,Male ,0,US Citizen,No,5,02-06-2015,27-07-2024,N/A-StillEmployed,0,Production       ,Janet King,2,2,Fully Meets,4.63,3,0,04-01-2019,0,2
Gross, Paula, Paula Gross,10059,0,0,63813,1,Production Technician I,2176,21-05-1983,Female,0,US Citizen,No,5,21-02-2011,11-01-2014,more money,2,Production       ,Kelley Spirea,18,0,Fully Meets,5,5,0,03-06-2013,0,17
Gruber, Hans, Hans Gruber,10234,1,0,99020,0,BI Developer,2134,30-06-1989,Male ,1,US Citizen,No,2,20-04-2017,27-07-2024,N/A-StillEmployed,0,IT/IS,Brian Champaigne,13,4,Fully Meets,4.2,5,5,28-01-2019,0,8
Guilianno, Mike, Mike Guilianno,10109,0,0,71707,1,Area Sales Manager,37129,09-02-1969,Male ,3,US Citizen,No,4,07-03-2012,31-10-2014,relocation out of area,2,Sales,John Smith,17,5,Fully Meets,4.5,5,0,01-02-2013,0,20
Handschiegl, Joanne, Joanne Handschiegl,10125,1,0,54828,0,Production Technician I,2127,23-03-1977,Female,1,US Citizen,No,5,28-11-2011,27-07-2024,N/A-StillEmployed,0,Production       ,Michael Albert,22,3,Fully Meets,4.2,4,0,22-02-2019,0,13
Hankard, Earnest, Earnest Hankard,10074,0,0,64246,0,Production Technician II,2155,10-08-1988,Male ,3,US Citizen,Yes,5,11-11-2013,27-07-2024,N/A-StillEmployed,0,Production       ,Kelley Spirea,18,5,Fully Meets,5,3,0,08-01-2019,0,20
Harrington, Christie , Christie  Harrington,10097,0,0,52177,1,Production Technician I,2324,18-08-1952,Female,3,US Citizen,No,5,09-01-2012,15-12-2015,retiring,2,Production       ,Webster Butler,39,0,Fully Meets,4.64,4,0,02-05-2015,0,8
Harrison, Kara, Kara Harrison,10007,1,0,62065,0,Production Technician I,1886,02-05-1974,Female,1,US Citizen,No,5,12-05-2014,27-07-2024,N/A-StillEmployed,0,Production       ,Amy Dunn,11,0,Exceeds,4.76,4,0,15-02-2019,0,5
Heitzman, Anthony, Anthony Heitzman,10129,0,0,46998,0,Production Technician I,2149,04-01-1984,Male ,3,US Citizen,No,5,13-08-2012,27-07-2024,N/A-StillEmployed,0,Production       ,Ketsia Liebig,19,3,Fully Meets,4.17,4,0,11-02-2019,0,1
Hendrickson, Trina, Trina Hendrickson,10075,0,0,68099,1,Production Technician II,2021,27-08-1972,Female,3,US Citizen,No,5,10-01-2011,18-06-2013,hours,2,Production       ,Kelley Spirea,18,0,Fully Meets,5,3,0,30-01-2013,0,15
Hitchcock, Alfred, Alfred Hitchcock,10167,1,0,70545,0,Area Sales Manager,3062,14-09-1988,Male ,1,US Citizen,No,0,18-08-2014,27-07-2024,N/A-StillEmployed,0,Sales,John Smith,17,4,Fully Meets,3.6,5,0,30-01-2019,0,9
Homberger, Adrienne  J, Adrienne  J Homberger,10195,1,0,63478,1,Production Technician II,2445,16-02-1984,Female,1,Non-Citizen,No,5,15-08-2011,07-04-2012,relocation out of area,2,Production       ,Michael Albert,30,4,Fully Meets,3.03,5,0,05-03-2012,0,16
Horton, Jayne, Jayne Horton,10112,0,0,97999,0,Database Administrator,2493,21-02-1984,Female,3,US Citizen,No,5,30-03-2015,27-07-2024,N/A-StillEmployed,0,IT/IS,Simon Roup,4,4,Fully Meets,4.48,5,6,03-01-2019,0,4
Houlihan, Debra, Debra Houlihan,10272,1,0,180000,0,Director of Sales,2908,17-03-1966,Female,1,US Citizen,No,5,05-05-2014,27-07-2024,N/A-StillEmployed,0,Sales,Janet King,2,5,Fully Meets,4.5,4,0,21-01-2019,0,19
Howard, Estelle, Estelle Howard,10182,1,0,49920,1,Administrative Assistant,2170,16-09-1985,Female,1,US Citizen,No,2,16-02-2015,15-04-2015,"no-call, no-show",1,Admin Offices,Brandon R. LeBlanc,1,4,Fully Meets,3.24,3,4,15-04-2015,0,6
Hudson, Jane, Jane Hudson,10248,0,0,55425,0,Production Technician I,2176,10-06-1986,Female,3,US Citizen,No,5,20-02-2012,27-07-2024,N/A-StillEmployed,0,Production       ,Ketsia Liebig,19,5,Fully Meets,4.8,4,0,07-01-2019,0,4
Hunts, Julissa, Julissa Hunts,10201,0,0,69340,0,Production Technician II,2021,11-03-1984,Female,3,US Citizen,No,5,06-06-2016,27-07-2024,N/A-StillEmployed,0,Production       ,Elijiah Gray,16,5,Fully Meets,3,5,0,18-01-2019,0,4
Hutter, Rosalie, Rosalie Hutter,10214,0,0,64995,0,Production Technician II,2351,07-05-1992,Female,2,US Citizen,No,5,05-06-2015,27-07-2024,N/A-StillEmployed,0,Production       ,Webster Butler,0,4,Fully Meets,4.5,3,0,14-02-2019,0,6
Huynh, Ming, Ming Huynh,10160,0,0,68182,1,Production Technician II,1742,22-09-1976,Female,0,US Citizen,No,5,21-02-2011,01-04-2013,unhappy,2,Production       ,Amy Dunn,11,3,Fully Meets,3.72,3,0,01-02-2013,0,18
Immediato, Walter, Walter Immediato,10289,1,0,83082,1,Production Manager,2128,15-11-1976,Male ,1,US Citizen,No,1,21-02-2011,24-09-2012,unhappy,2,Production       ,Janet King,2,4,Needs Improvement,2.34,2,0,12-04-2012,3,4
Ivey, Rose , Rose  Ivey,10139,0,0,51908,0,Production Technician I,1775,28-01-1991,Female,3,US Citizen,No,5,19-08-2013,27-07-2024,N/A-StillEmployed,0,Production       ,Brannon Miller,12,4,Fully Meets,3.99,3,0,14-01-2019,0,14
Jackson, Maryellen, Maryellen Jackson,10227,0,0,61242,0,Production Technician I,2081,11-09-1972,Female,3,US Citizen,No,2,05-11-2012,27-07-2024,N/A-StillEmployed,0,Production       ,David Stanley,14,5,Fully Meets,4.1,3,0,17-01-2019,0,7
Jacobi, Hannah  , Hannah   Jacobi,10236,0,0,45069,0,Production Technician I,1778,22-03-1966,Female,0,US Citizen,No,5,30-09-2013,27-07-2024,N/A-StillEmployed,0,Production       ,Kissy Sullivan,20,2,Fully Meets,4.3,5,0,22-02-2019,0,7
Jeannite, Tayana, Tayana Jeannite,10009,0,0,60724,0,Production Technician II,1821,06-11-1986,Female,0,US Citizen,No,0,05-07-2011,27-07-2024,N/A-StillEmployed,0,Production       ,Ketsia Liebig,19,5,Exceeds,4.6,4,0,25-02-2019,0,11
Jhaveri, Sneha  , Sneha   Jhaveri,10060,0,0,60436,0,Production Technician I,2109,13-04-1964,Female,2,US Citizen,No,5,06-01-2014,27-07-2024,N/A-StillEmployed,0,Production       ,Kelley Spirea,18,5,Fully Meets,5,5,0,21-01-2019,0,9
Johnson, George, George Johnson,10034,1,0,46837,1,Production Technician I,2445,19-08-1959,Male ,1,US Citizen,No,5,07-11-2011,29-04-2018,more money,2,Production       ,Michael Albert,22,0,Exceeds,4.7,4,0,14-02-2018,0,9
Johnson, Noelle , Noelle  Johnson,10156,1,0,105700,0,Database Administrator,2301,07-11-1986,Female,1,US Citizen,No,1,05-01-2015,27-07-2024,N/A-StillEmployed,0,IT/IS,Simon Roup,4,4,Fully Meets,3.75,3,5,11-02-2019,0,2
Johnston, Yen, Yen Johnston,10036,0,0,63322,0,Production Technician II,2128,08-09-1969,Female,3,US Citizen,No,5,07-07-2014,27-07-2024,N/A-StillEmployed,0,Production       ,Brannon Miller,12,5,Exceeds,4.3,3,0,11-01-2019,0,1
Jung, Judy  , Judy   Jung,10138,1,0,61154,1,Production Technician I,2446,17-04-1986,Female,1,US Citizen,No,2,10-01-2011,01-04-2016,unhappy,2,Production       ,Elijiah Gray,16,0,Fully Meets,4,4,0,03-02-2016,0,4
Kampew, Donysha, Donysha Kampew,10244,0,0,68999,1,Sales Manager,19444,11-11-1989,Female,3,US Citizen,No,5,07-11-2011,24-04-2014,maternity leave - did not return,2,Sales,Debra Houlihan,15,3,Fully Meets,4.5,5,0,30-03-2013,0,2
Keatts, Kramer , Kramer  Keatts,10192,0,0,50482,0,Production Technician I,1887,19-01-1976,Male ,3,US Citizen,No,5,30-09-2013,27-07-2024,N/A-StillEmployed,0,Production       ,Michael Albert,22,4,Fully Meets,3.07,4,0,23-01-2019,0,10
Khemmich, Bartholemew, Bartholemew Khemmich,10231,0,0,65310,0,Area Sales Manager,80820,27-11-1979,Male ,3,US Citizen,No,5,19-08-2013,27-07-2024,N/A-StillEmployed,0,Sales,Lynn Daneault,21,4,Fully Meets,4.3,5,0,22-01-2019,0,13
King, Janet, Janet King,10089,1,0,250000,0,President & CEO,1902,21-09-1954,Female,1,US Citizen,Yes,5,02-07-2012,27-07-2024,N/A-StillEmployed,0,Executive Office,Board of Directors,9,4,Fully Meets,4.83,3,0,17-01-2019,0,10
Kinsella, Kathleen  , Kathleen   Kinsella,10166,1,0,54005,1,Production Technician I,2170,08-12-1973,Female,1,US Citizen,No,5,26-09-2011,04-06-2015,more money,2,Production       ,Webster Butler,39,3,Fully Meets,3.6,5,0,01-03-2015,0,16
Kirill, Alexandra  , Alexandra   Kirill,10170,1,0,45433,1,Production Technician I,2127,08-10-1970,Female,1,US Citizen,No,5,26-09-2011,09-01-2014,more money,2,Production       ,Amy Dunn,11,3,Fully Meets,3.49,4,0,30-01-2013,0,6
Knapp, Bradley  J, Bradley  J Knapp,10208,0,0,46654,0,Production Technician I,1721,10-11-1977,Male ,3,US Citizen,No,2,17-02-2014,27-07-2024,N/A-StillEmployed,0,Production       ,Ketsia Liebig,19,5,Fully Meets,3.1,3,0,06-02-2019,0,3
Kretschmer, John, John Kretschmer,10176,1,0,63973,0,Production Technician I,1801,02-02-1980,Male ,1,US Citizen,No,1,10-01-2011,27-07-2024,N/A-StillEmployed,0,Production       ,Brannon Miller,12,4,Fully Meets,3.38,3,0,21-01-2019,0,17
Kreuger, Freddy, Freddy Kreuger,10165,0,1,71339,0,Area Sales Manager,10171,24-02-1969,Male ,3,US Citizen,Yes,2,07-03-2011,27-07-2024,N/A-StillEmployed,0,Sales,John Smith,17,1,Fully Meets,3.65,5,0,17-01-2019,0,20
Lajiri,  Jyoti,  Jyoti Lajiri,10113,1,0,93206,0,Sr. Network Engineer,2169,23-04-1986,Male ,1,US Citizen,No,5,10-11-2014,27-07-2024,N/A-StillEmployed,0,IT/IS,Peter Monroe,7,2,Fully Meets,4.46,5,6,07-01-2019,0,7
Landa, Hans, Hans Landa,10092,1,0,82758,1,Production Manager,1890,01-07-1972,Male ,1,US Citizen,No,5,10-01-2011,12-12-2015,attendance,1,Production       ,Janet King,2,2,Fully Meets,4.78,4,0,15-02-2015,0,9
Langford, Lindsey, Lindsey Langford,10106,0,0,66074,1,Production Technician II,2090,25-07-1979,Female,0,US Citizen,No,1,07-01-2013,31-03-2014,Another position,2,Production       ,David Stanley,14,4,Fully Meets,4.52,3,0,20-02-2014,0,20
Langton, Enrico, Enrico Langton,10052,1,0,46120,0,Production Technician I,2048,09-12-1986,Male ,1,US Citizen,No,5,09-07-2012,27-07-2024,N/A-StillEmployed,0,Production       ,David Stanley,14,5,Fully Meets,5,5,0,04-02-2019,0,13
LaRotonda, William  , William   LaRotonda,10038,0,0,64520,0,Accountant I,1460,26-04-1984,Male ,0,US Citizen,No,2,06-01-2014,27-07-2024,N/A-StillEmployed,0,Admin Offices,Brandon R. LeBlanc,1,8,Fully Meets,5,4,4,17-01-2019,0,3
Latif, Mohammed, Mohammed Latif,10249,1,0,61962,1,Production Technician II,2126,09-05-1984,Male ,1,US Citizen,No,5,02-04-2012,15-04-2013,more money,2,Production       ,Kissy Sullivan,20,3,Fully Meets,4.9,3,0,20-02-2013,0,20
Le, Binh, Binh Le,10232,0,0,81584,0,Senior BI Developer,1886,14-06-1987,Female,3,US Citizen,No,1,02-10-2016,27-07-2024,N/A-StillEmployed,0,IT/IS,Brian Champaigne,13,4,Fully Meets,4.1,5,7,08-01-2019,0,2
Leach, Dallas, Dallas Leach,10087,0,0,63676,1,Production Technician I,1810,17-01-1979,Female,3,US Citizen,No,1,26-09-2011,19-08-2018,return to school,2,Production       ,Kissy Sullivan,20,0,Fully Meets,4.88,3,0,02-07-2017,0,17
LeBlanc, Brandon  R, Brandon  R LeBlanc,10134,1,0,93046,0,Shared Services Manager,1460,10-06-1984,Male ,1,US Citizen,No,5,05-01-2016,27-07-2024,N/A-StillEmployed,0,Admin Offices,Janet King,2,0,Fully Meets,4.1,4,0,28-01-2019,0,20
Lecter, Hannibal, Hannibal Lecter,10251,1,0,64738,0,Production Technician I,1776,02-09-1982,Male ,1,US Citizen,No,1,14-05-2012,27-07-2024,N/A-StillEmployed,0,Production       ,Elijiah Gray,16,3,Fully Meets,4.1,3,0,22-02-2019,0,10
Leruth, Giovanni, Giovanni Leruth,10103,0,0,70468,0,Area Sales Manager,84111,27-12-1988,Male ,2,US Citizen,No,2,30-04-2012,27-07-2024,N/A-StillEmployed,0,Sales,John Smith,17,8,Fully Meets,4.53,3,0,29-01-2019,0,16
Liebig, Ketsia, Ketsia Liebig,10017,1,0,77915,0,Production Manager,2110,26-10-1981,Female,1,US Citizen,No,5,30-09-2013,27-07-2024,N/A-StillEmployed,0,Production       ,Janet King,2,8,Exceeds,4.1,3,0,21-01-2019,0,11
Linares, Marilyn , Marilyn  Linares,10186,1,0,52624,1,Production Technician I,1886,26-03-1981,Female,1,US Citizen,No,5,05-07-2011,26-09-2018,unhappy,2,Production       ,Michael Albert,22,4,Fully Meets,3.18,4,0,02-03-2018,0,16
Linden, Mathew, Mathew Linden,10137,1,0,63450,0,Production Technician II,1770,19-03-1979,Male ,1,US Citizen,No,5,08-07-2013,27-07-2024,N/A-StillEmployed,0,Production       ,Kelley Spirea,18,5,Fully Meets,4,3,0,18-02-2019,0,7
Lindsay, Leonara , Leonara  Lindsay,10008,0,1,51777,0,IT Support,6070,05-10-1988,Female,3,US Citizen,Yes,2,21-01-2011,27-07-2024,N/A-StillEmployed,0,IT/IS,Eric Dougall,6,1,Exceeds,4.64,4,5,25-01-2019,0,14
Lundy, Susan, Susan Lundy,10096,0,0,67237,1,Production Technician II,2122,26-12-1976,Female,4,US Citizen,No,5,08-07-2013,15-09-2016,more money,2,Production       ,Michael Albert,22,5,Fully Meets,4.65,4,0,10-06-2016,0,15
Lunquist, Lisa, Lisa Lunquist,10035,0,0,73330,0,Production Technician II,2324,28-03-1982,Female,3,US Citizen,No,2,19-08-2013,27-07-2024,N/A-StillEmployed,0,Production       ,Elijiah Gray,16,4,Exceeds,4.2,4,0,12-02-2019,0,19
Lydon, Allison, Allison Lydon,10057,1,0,52057,0,Production Technician I,2122,22-10-1975,Female,1,US Citizen,No,2,16-02-2015,27-07-2024,N/A-StillEmployed,0,Production       ,Elijiah Gray,16,8,Fully Meets,5,3,0,23-01-2019,0,6
Lynch, Lindsay, Lindsay Lynch,10004,0,1,47434,1,Production Technician I,1844,14-02-1973,Female,3,US Citizen,Yes,2,07-11-2011,14-11-2015,Another position,2,Production       ,Webster Butler,39,1,Exceeds,5,4,0,02-02-2015,0,17
MacLennan, Samuel, Samuel MacLennan,10191,0,0,52788,1,Production Technician I,1938,09-11-1972,Male ,4,US Citizen,No,5,24-09-2012,26-09-2017,hours,2,Production       ,Amy Dunn,11,4,Fully Meets,3.08,4,0,01-04-2017,0,18
Mahoney, Lauren  , Lauren   Mahoney,10219,0,0,45395,0,Production Technician I,2189,07-07-1986,Female,3,US Citizen,No,5,06-01-2014,27-07-2024,N/A-StillEmployed,0,Production       ,Ketsia Liebig,19,5,Fully Meets,4.6,4,0,26-02-2019,0,14
Manchester, Robyn, Robyn Manchester,10077,1,0,62385,0,Production Technician II,2324,25-08-1976,Female,1,US Citizen,No,5,11-05-2016,27-07-2024,N/A-StillEmployed,0,Production       ,Webster Butler,0,5,Fully Meets,5,3,0,21-01-2019,0,4
Mancuso, Karen, Karen Mancuso,10073,1,0,68407,1,Production Technician II,2176,10-12-1986,Female,1,US Citizen,No,4,05-07-2011,19-08-2012,Another position,2,Production       ,Amy Dunn,11,5,Fully Meets,5,4,0,02-07-2012,0,16
Mangal, Debbie, Debbie Mangal,10279,1,0,61349,0,Production Technician I,2451,07-11-1974,Female,1,US Citizen,No,5,11-11-2013,27-07-2024,N/A-StillEmployed,0,Production       ,Brannon Miller,12,5,Fully Meets,4.1,3,0,22-01-2019,0,11
Martin, Sandra, Sandra Martin,10110,0,0,105688,0,Software Engineer,2135,07-11-1987,Female,3,US Citizen,No,1,11-11-2013,27-07-2024,N/A-StillEmployed,0,Software Engineering,Alex Sweetwater,10,3,Fully Meets,4.5,5,4,14-01-2019,0,14
Maurice, Shana, Shana Maurice,10053,1,0,54132,0,Production Technician I,2330,22-11-1977,Female,1,US Citizen,No,5,31-05-2011,27-07-2024,N/A-StillEmployed,0,Production       ,David Stanley,14,4,Fully Meets,5,4,0,10-01-2019,0,8
Carthy, B'rigit, B'rigit Carthy,10076,0,0,55315,0,Production Technician II,2149,21-05-1987,Female,3,US Citizen,No,2,30-03-2015,27-07-2024,N/A-StillEmployed,0,Production       ,Ketsia Liebig,19,5,Fully Meets,5,5,0,07-02-2019,0,16
Mckenna, Sandy, Sandy Mckenna,10145,1,0,62810,0,Production Technician I,2184,07-01-1987,Female,1,US Citizen,No,2,07-01-2013,27-07-2024,N/A-StillEmployed,0,Production       ,Kissy Sullivan,20,0,Fully Meets,3.93,3,0,30-01-2019,0,20
McKinzie, Jac, Jac McKinzie,10202,1,0,63291,0,Area Sales Manager,78789,01-07-1984,Male ,1,US Citizen,No,4,06-07-2016,27-07-2024,N/A-StillEmployed,0,Sales,Lynn Daneault,21,8,Fully Meets,3.4,4,0,29-01-2019,0,7
Meads, Elizabeth, Elizabeth Meads,10128,0,1,62659,1,Production Technician I,1760,30-05-1968,Female,3,US Citizen,No,2,02-04-2012,11-11-2016,Another position,2,Production       ,Kelley Spirea,18,1,Fully Meets,4.18,4,0,05-02-2016,0,17
Medeiros, Jennifer, Jennifer Medeiros,10068,0,0,55688,0,Production Technician I,2346,22-09-1976,Female,3,US Citizen,No,5,30-03-2015,27-07-2024,N/A-StillEmployed,0,Production       ,Michael Albert,22,0,Fully Meets,5,4,0,21-01-2019,0,10
Miller, Brannon, Brannon Miller,10116,0,0,83667,0,Production Manager,2045,10-08-1981,Male ,3,US Citizen,yes,3,16-08-2012,27-07-2024,N/A-StillEmployed,0,Production       ,Janet King,2,4,Fully Meets,4.37,3,0,14-01-2019,0,2
Miller, Ned, Ned Miller,10298,0,0,55800,1,Production Technician II,2472,29-06-1985,Male ,3,US Citizen,No,5,15-08-2011,04-09-2014,unhappy,2,Production       ,Brannon Miller,12,5,PIP,3,2,0,14-01-2013,6,6
Monkfish, Erasumus, Erasumus Monkfish,10213,1,0,58207,0,Production Technician II,1450,17-08-1992,Male ,1,US Citizen,No,5,07-11-2011,27-07-2024,N/A-StillEmployed,0,Production       ,David Stanley,14,5,Fully Meets,3.7,3,0,08-01-2019,0,14
Monroe, Peter, Peter Monroe,10288,1,1,157000,0,IT Manager - Infra,2134,05-10-1986,Male ,1,Eligible NonCitizen,Yes,2,15-02-2012,27-07-2024,N/A-StillEmployed,0,IT/IS,Jennifer Zamora,5,1,Needs Improvement,2.39,3,6,22-02-2019,4,13
Monterro, Luisa, Luisa Monterro,10025,0,0,72460,0,Production Technician II,2126,24-04-1970,Female,3,US Citizen,No,2,13-05-2013,27-07-2024,N/A-StillEmployed,0,Production       ,Kissy Sullivan,20,4,Exceeds,4.7,3,0,14-01-2019,0,1
Moran, Patrick, Patrick Moran,10223,0,1,72106,0,Production Technician II,2127,03-12-1976,Male ,3,US Citizen,No,2,09-01-2012,27-07-2024,N/A-StillEmployed,0,Production       ,Kelley Spirea,18,1,Fully Meets,4.1,4,0,31-01-2019,0,12
Morway, Tanya, Tanya Morway,10151,1,0,52599,0,Network Engineer,2048,04-04-1979,Female,1,US Citizen,No,5,16-02-2015,27-07-2024,N/A-StillEmployed,0,IT/IS,Peter Monroe,7,0,Fully Meets,3.81,3,6,11-02-2019,0,6
Motlagh,  Dawn,  Dawn Motlagh,10254,0,0,63430,0,Production Technician I,2453,07-07-1984,Female,0,US Citizen,No,5,01-04-2013,27-07-2024,N/A-StillEmployed,0,Production       ,Elijiah Gray,16,5,Fully Meets,4.4,4,0,17-01-2019,0,18
Moumanil, Maliki , Maliki  Moumanil,10120,0,0,74417,0,Production Technician II,1460,01-12-1974,Male ,2,US Citizen,No,2,13-05-2013,27-07-2024,N/A-StillEmployed,0,Production       ,Michael Albert,22,5,Fully Meets,4.29,5,0,28-01-2019,0,11
Myers, Michael, Michael Myers,10216,0,0,57575,0,Production Technician I,1550,18-04-1980,Male ,3,US Citizen,No,1,08-07-2013,27-07-2024,N/A-StillEmployed,0,Production       ,Kissy Sullivan,20,5,Fully Meets,4.1,4,0,22-01-2019,0,13
Navathe, Kurt, Kurt Navathe,10079,0,0,87921,0,Senior BI Developer,2056,25-04-1970,Male ,3,US Citizen,No,1,10-02-2017,27-07-2024,N/A-StillEmployed,0,IT/IS,Brian Champaigne,13,4,Fully Meets,5,3,6,25-02-2019,0,17
Ndzi, Colombui, Colombui Ndzi,10215,0,1,50470,1,Production Technician I,2110,02-05-1989,Male ,3,US Citizen,No,2,26-09-2011,04-04-2014,return to school,2,Production       ,Webster Butler,39,1,Fully Meets,4.3,3,0,02-03-2013,0,19
Ndzi, Horia, Horia Ndzi,10185,1,0,46664,1,Production Technician I,2421,28-03-1983,Male ,1,US Citizen,No,5,01-04-2013,25-05-2016,more money,2,Production       ,Amy Dunn,11,2,Fully Meets,3.18,3,0,06-03-2016,0,10
Newman, Richard , Richard  Newman,10063,1,0,48495,0,Production Technician I,2136,08-04-1977,Male ,1,US Citizen,No,5,12-05-2014,27-07-2024,N/A-StillEmployed,0,Production       ,Ketsia Liebig,19,5,Fully Meets,5,5,0,18-02-2019,0,11
Ngodup, Shari , Shari  Ngodup,10037,0,1,52984,0,Production Technician I,1810,03-06-1967,Female,2,US Citizen,No,2,01-04-2013,27-07-2024,N/A-StillEmployed,0,Production       ,Brannon Miller,12,1,Exceeds,4,3,0,13-02-2019,0,12
Nguyen, Dheepa, Dheepa Nguyen,10042,0,0,63695,0,Area Sales Manager,30428,31-03-1989,Female,3,US Citizen,No,4,08-07-2013,27-07-2024,N/A-StillEmployed,0,Sales,Lynn Daneault,21,4,Fully Meets,5,5,0,25-01-2019,0,2
Nguyen, Lei-Ming, Lei-Ming Nguyen,10206,0,0,62061,0,Production Technician I,2132,07-07-1984,Female,3,US Citizen,No,5,08-07-2013,27-07-2024,N/A-StillEmployed,0,Production       ,David Stanley,14,5,Fully Meets,3.6,5,0,02-01-2019,0,4
Nowlan, Kristie, Kristie Nowlan,10104,0,0,66738,0,Production Technician II,1040,23-11-1985,Female,3,US Citizen,No,5,10-11-2014,27-07-2024,N/A-StillEmployed,0,Production       ,Elijiah Gray,16,4,Fully Meets,4.53,5,0,16-01-2019,0,5
O'hare, Lynn, Lynn O'hare,10303,0,0,52674,1,Production Technician I,2152,30-09-1980,Female,3,US Citizen,No,4,31-03-2014,01-05-2018,performance,1,Production       ,Kissy Sullivan,20,5,PIP,2.33,2,0,09-03-2018,6,3
Oliver, Brooke , Brooke  Oliver,10078,1,0,71966,1,Production Technician II,2492,11-02-1952,Female,1,US Citizen,No,1,14-05-2012,19-08-2013,unhappy,2,Production       ,Webster Butler,39,5,Fully Meets,5,3,0,02-07-2013,0,17
Onque, Jasmine, Jasmine Onque,10121,0,0,63051,0,Area Sales Manager,33174,11-05-1990,Female,3,US Citizen,Yes,5,30-09-2013,27-07-2024,N/A-StillEmployed,0,Sales,Lynn Daneault,21,4,Fully Meets,4.28,3,0,25-01-2019,0,1
Osturnka, Adeel, Adeel Osturnka,10021,1,0,47414,0,Production Technician I,2478,11-12-1976,Male ,1,US Citizen,No,5,30-09-2013,27-07-2024,N/A-StillEmployed,0,Production       ,Kelley Spirea,18,5,Exceeds,5,3,0,07-02-2019,0,13
Owad, Clinton, Clinton Owad,10281,0,0,53060,0,Production Technician I,1760,24-11-1979,Male ,3,US Citizen,No,2,17-02-2014,27-07-2024,N/A-StillEmployed,0,Production       ,Michael Albert,22,5,Needs Improvement,4.25,3,0,04-02-2019,4,6
Ozark, Travis, Travis Ozark,10041,0,0,68829,0,Area Sales Manager,27229,19-05-1982,Male ,3,US Citizen,No,5,05-01-2015,27-07-2024,N/A-StillEmployed,0,Sales,John Smith,17,8,Fully Meets,5,5,0,14-01-2019,0,18
Panjwani, Nina, Nina Panjwani,10148,1,0,63515,1,Production Technician I,2351,01-05-1979,Female,1,US Citizen,No,5,07-02-2011,12-01-2014,Another position,2,Production       ,Elijiah Gray,16,3,Fully Meets,3.89,4,0,04-03-2013,0,7
Patronick, Lucas, Lucas Patronick,10005,0,1,108987,1,Software Engineer,1844,20-02-1979,Male ,3,US Citizen,No,2,07-11-2011,07-09-2015,Another position,2,Software Engineering,Alex Sweetwater,10,1,Exceeds,5,5,3,16-08-2015,0,13
Pearson, Randall, Randall Pearson,10259,1,0,93093,1,Data Analyst,2747,05-09-1984,Male ,1,US Citizen,No,5,01-12-2014,01-05-2016,performance,2,IT/IS,Simon Roup,4,2,Fully Meets,4.7,4,5,16-01-2016,0,19
Smith, Martin, Martin Smith,10286,0,0,53564,1,Production Technician I,2458,17-03-1988,Male ,3,US Citizen,No,2,10-01-2011,28-12-2017,career change,2,Production       ,Webster Butler,39,3,Needs Improvement,3.54,5,0,06-04-2017,4,15
Pelletier, Ermine, Ermine Pelletier,10297,1,0,60270,1,Production Technician II,2472,18-07-1989,Female,1,US Citizen,No,1,05-07-2011,15-09-2015,unhappy,2,Production       ,Amy Dunn,11,0,Needs Improvement,2.4,5,0,06-02-2015,5,2
Perry, Shakira, Shakira Perry,10171,0,0,45998,1,Production Technician I,2176,20-07-1986,Female,3,US Citizen,No,5,16-05-2011,25-10-2015,medical issues,2,Production       ,Amy Dunn,11,5,Fully Meets,3.45,4,0,13-05-2014,0,5
Peters, Lauren, Lauren Peters,10032,1,0,57954,1,Production Technician II,1886,17-08-1986,Female,1,US Citizen,No,5,16-05-2011,04-02-2013,more money,2,Production       ,Ketsia Liebig,19,4,Exceeds,4.2,5,0,10-01-2013,0,12
Peterson, Ebonee  , Ebonee   Peterson,10130,1,0,74669,1,Production Manager,2030,09-05-1977,Female,1,US Citizen,No,5,25-10-2010,18-05-2016,Another position,2,Production       ,Janet King,2,4,Fully Meets,4.16,5,0,05-03-2015,0,6
Petingill, Shana  , Shana   Petingill,10217,1,0,74226,0,Production Technician II,2050,10-03-1979,Female,1,Eligible NonCitizen,No,1,02-04-2012,27-07-2024,N/A-StillEmployed,0,Production       ,Brannon Miller,12,5,Fully Meets,4.3,3,0,14-01-2019,0,14
Petrowsky, Thelma, Thelma Petrowsky,10016,1,0,93554,0,Data Analyst,1886,16-09-1984,Female,1,US Citizen,No,2,10-11-2014,27-07-2024,N/A-StillEmployed,0,IT/IS,Simon Roup,4,2,Exceeds,4.6,5,7,04-01-2019,0,16
Pham, Hong, Hong Pham,10050,1,0,64724,1,Production Technician I,2451,06-03-1988,Male ,1,US Citizen,No,1,05-07-2011,30-11-2012,more money,2,Production       ,Brannon Miller,12,3,Fully Meets,5,3,0,20-02-2012,0,13
Pitt, Brad , Brad  Pitt,10164,0,0,47001,0,Production Technician I,2451,23-11-1981,Male ,3,US Citizen,No,5,05-11-2007,27-07-2024,N/A-StillEmployed,0,Production       ,David Stanley,14,3,Fully Meets,3.66,3,0,25-02-2019,0,15
Potts, Xana, Xana Potts,10124,1,0,61844,0,Area Sales Manager,40220,29-08-1988,Female,1,US Citizen,No,2,09-01-2012,27-07-2024,N/A-StillEmployed,0,Sales,Lynn Daneault,21,8,Fully Meets,4.2,5,0,01-02-2019,0,9
Power, Morissa, Morissa Power,10187,0,0,46799,1,Production Technician I,1742,15-10-1984,Female,0,Eligible NonCitizen,No,1,16-05-2011,04-06-2018,Another position,2,Production       ,Kissy Sullivan,20,3,Fully Meets,3.17,4,0,02-04-2018,0,14
Punjabhi, Louis  , Louis   Punjabhi,10225,0,0,59472,0,Production Technician I,2109,19-06-1961,Male ,3,US Citizen,No,5,06-01-2014,27-07-2024,N/A-StillEmployed,0,Production       ,Kelley Spirea,18,2,Fully Meets,4.8,3,0,07-01-2019,0,14
Purinton, Janine, Janine Purinton,10262,0,0,46430,1,Production Technician I,2474,22-09-1970,Female,0,US Citizen,No,5,24-09-2012,18-06-2013,unhappy,2,Production       ,Kissy Sullivan,20,4,Fully Meets,4.5,5,0,02-04-2013,0,16
Quinn, Sean, Sean Quinn,10131,1,1,83363,1,Software Engineer,2045,06-11-1984,Male ,1,Eligible NonCitizen,No,2,21-02-2011,15-08-2015,career change,2,Software Engineering,Janet King,2,1,Fully Meets,4.15,4,0,19-04-2014,0,4
Rachael, Maggie, Maggie Rachael,10239,1,0,95920,0,BI Developer,2110,12-05-1980,Female,1,US Citizen,No,2,02-10-2016,27-07-2024,N/A-StillEmployed,0,IT/IS,Brian Champaigne,13,4,Fully Meets,4.4,4,6,06-02-2019,0,10
Rarrick, Quinn, Quinn Rarrick,10152,0,0,61729,1,Production Technician I,2478,31-12-1984,Male ,0,US Citizen,No,5,26-09-2011,07-04-2018,more money,2,Production       ,Michael Albert,22,4,Fully Meets,3.8,5,0,04-02-2018,0,19
Ren, Kylo, Kylo Ren,10140,1,0,61809,0,Area Sales Manager,83706,12-10-1954,Male ,1,US Citizen,No,5,12-05-2014,27-07-2024,N/A-StillEmployed,0,Sales,John Smith,17,0,Fully Meets,3.98,3,0,28-01-2019,0,4
Rhoads, Thomas, Thomas Rhoads,10058,0,0,45115,1,Production Technician I,2176,22-07-1982,Male ,0,US Citizen,Yes,5,16-05-2011,15-01-2016,retiring,2,Production       ,Elijiah Gray,16,5,Fully Meets,5,4,0,30-03-2015,0,11
Rivera, Haley  , Haley   Rivera,10011,1,0,46738,0,Production Technician I,2171,12-01-1973,Female,1,US Citizen,No,1,28-11-2011,27-07-2024,N/A-StillEmployed,0,Production       ,Webster Butler,0,3,Exceeds,4.36,5,0,11-02-2019,0,16
Roberson, May, May Roberson,10230,0,0,64971,1,Production Technician II,1902,05-09-1981,Female,0,Eligible NonCitizen,No,2,26-09-2011,22-10-2011,return to school,2,Production       ,David Stanley,14,3,Fully Meets,4.5,4,0,22-10-2011,0,10
Robertson, Peter, Peter Robertson,10224,1,0,55578,1,Production Technician II,2138,03-07-1972,Male ,1,US Citizen,No,5,05-07-2011,08-02-2012,Another position,2,Production       ,Kissy Sullivan,20,4,Fully Meets,4.2,5,0,06-01-2012,0,13
Robinson, Alain  , Alain   Robinson,10047,1,0,50428,1,Production Technician I,1420,07-01-1974,Male ,1,US Citizen,No,2,10-01-2011,26-01-2016,attendance,2,Production       ,Amy Dunn,11,4,Fully Meets,5,3,0,10-01-2015,0,11
Robinson, Cherly, Cherly Robinson,10285,1,0,61422,1,Production Technician I,1460,07-01-1985,Female,1,US Citizen,No,5,10-01-2011,17-05-2016,attendance,1,Production       ,Ketsia Liebig,19,4,Needs Improvement,3.6,3,0,05-04-2016,4,16
Robinson, Elias, Elias Robinson,10020,0,0,63353,0,Production Technician I,1730,28-01-1985,Male ,4,US Citizen,No,5,08-07-2013,27-07-2024,N/A-StillEmployed,0,Production       ,Brannon Miller,12,2,Exceeds,3.6,5,0,11-02-2019,0,4
Roby, Lori , Lori  Roby,10162,1,0,89883,0,Data Analyst,1886,11-10-1981,Female,1,US Citizen,No,5,16-02-2015,27-07-2024,N/A-StillEmployed,0,IT/IS,Simon Roup,4,2,Fully Meets,3.69,5,6,14-02-2019,0,15
Roehrich, Bianca, Bianca Roehrich,10149,0,0,120000,1,Principal Data Architect,2703,27-05-1973,Female,3,US Citizen,Yes,5,05-01-2015,10-11-2018,Another position,2,IT/IS,Simon Roup,4,5,Fully Meets,3.88,3,7,13-02-2018,0,12
Roper, Katie, Katie Roper,10086,0,0,150290,0,Data Architect,2056,21-11-1972,Female,3,US Citizen,No,2,07-01-2017,27-07-2024,N/A-StillEmployed,0,IT/IS,Brian Champaigne,13,4,Fully Meets,4.94,3,5,06-02-2019,0,17
Rose, Ashley  , Ashley   Rose,10054,0,0,60627,0,Production Technician I,1886,05-12-1974,Female,2,US Citizen,No,5,06-01-2014,27-07-2024,N/A-StillEmployed,0,Production       ,David Stanley,14,8,Fully Meets,5,4,0,31-01-2019,0,8
Rossetti, Bruno, Bruno Rossetti,10065,0,0,53180,1,Production Technician I,2155,18-03-1987,Male ,3,US Citizen,No,5,04-04-2011,13-08-2018,Another position,2,Production       ,Kissy Sullivan,20,3,Fully Meets,5,5,0,02-07-2018,0,4
Roup,Simon,Simon Roup,10198,0,0,140920,0,IT Manager - DB,2481,05-04-1973,Male ,3,US Citizen,No,5,20-01-2013,27-07-2024,N/A-StillEmployed,0,IT/IS,Jennifer Zamora,5,4,Fully Meets,3.6,5,7,18-02-2019,0,13
Ruiz, Ricardo, Ricardo Ruiz,10222,0,1,148999,1,IT Manager - DB,1915,04-01-1964,Male ,0,US Citizen,No,2,09-01-2012,04-11-2015,hours,2,IT/IS,Jennifer Zamora,5,1,Fully Meets,4.3,4,6,04-01-2015,0,8
Saada, Adell, Adell Saada,10126,1,0,86214,0,Software Engineer,2132,24-07-1986,Female,1,US Citizen,No,5,05-11-2012,27-07-2024,N/A-StillEmployed,0,Software Engineering,Alex Sweetwater,10,4,Fully Meets,4.2,3,6,13-02-2019,0,2
Saar-Beckles, Melinda, Melinda Saar-Beckles,10295,0,1,47750,0,Production Technician I,1801,06-06-1968,Female,3,US Citizen,No,2,04-07-2016,27-07-2024,N/A-StillEmployed,0,Production       ,Kelley Spirea,18,1,Needs Improvement,2.6,4,0,18-02-2019,5,4
Sadki, Nore  , Nore   Sadki,10260,0,0,46428,1,Production Technician I,2148,21-12-1974,Male ,3,US Citizen,No,5,05-01-2009,30-07-2018,relocation out of area,2,Production       ,Michael Albert,22,3,Fully Meets,4.6,5,0,05-02-2018,0,7
Sahoo, Adil, Adil Sahoo,10233,1,0,57975,0,Production Technician II,2062,26-04-1986,Male ,1,US Citizen,No,5,30-08-2010,27-07-2024,N/A-StillEmployed,0,Production       ,Kelley Spirea,18,0,Fully Meets,4.1,3,0,10-01-2019,0,13
Salter, Jason, Jason Salter,10229,0,0,88527,1,Data Analyst ,2452,17-12-1987,Male ,0,US Citizen,No,2,05-01-2015,31-10-2015,hours,2,IT/IS,Simon Roup,4,5,Fully Meets,4.2,3,5,20-04-2015,0,2
Sander, Kamrin, Kamrin Sander,10169,1,0,56147,0,Production Technician I,2154,10-07-1988,Female,1,US Citizen,No,2,29-09-2014,27-07-2024,N/A-StillEmployed,0,Production       ,Elijiah Gray,16,5,Fully Meets,3.51,3,0,18-02-2019,0,2
Sewkumar, Nori, Nori Sewkumar,10071,0,0,50923,0,Production Technician I,2191,10-03-1975,Female,3,US Citizen,No,1,30-09-2013,27-07-2024,N/A-StillEmployed,0,Production       ,Webster Butler,0,3,Fully Meets,5,5,0,06-02-2019,0,14
Shepard, Anita , Anita  Shepard,10179,1,0,50750,0,Network Engineer,1773,14-04-1981,Female,1,US Citizen,No,5,30-09-2014,27-07-2024,N/A-StillEmployed,0,IT/IS,Peter Monroe,7,5,Fully Meets,3.31,3,6,07-01-2019,0,7
Shields, Seffi, Seffi Shields,10091,1,0,52087,0,Production Technician I,2149,24-08-1985,Female,1,US Citizen,No,5,19-08-2013,27-07-2024,N/A-StillEmployed,0,Production       ,Amy Dunn,11,5,Fully Meets,4.81,4,0,15-02-2019,0,15
Simard, Kramer, Kramer Simard,10178,1,0,87826,0,Data Analyst,2110,08-02-1970,Male ,1,US Citizen,Yes,5,05-01-2015,27-07-2024,N/A-StillEmployed,0,IT/IS,Simon Roup,4,2,Fully Meets,3.32,3,7,14-01-2019,0,16
Singh, Nan , Nan  Singh,10039,0,0,51920,0,Administrative Assistant,2330,19-05-1988,Female,3,US Citizen,No,5,01-05-2015,27-07-2024,N/A-StillEmployed,0,Admin Offices,Brandon R. LeBlanc,1,8,Fully Meets,5,3,5,15-01-2019,0,2
Sloan, Constance, Constance Sloan,10095,0,0,63878,1,Production Technician II,1851,25-11-1987,Female,3,US Citizen,No,5,26-10-2009,08-04-2015,maternity leave - did not return,2,Production       ,Michael Albert,22,0,Fully Meets,4.68,4,0,02-04-2015,0,20
Smith, Joe, Joe Smith,10027,0,0,60656,0,Production Technician II,2045,30-10-1963,Male ,3,US Citizen,No,5,29-09-2014,27-07-2024,N/A-StillEmployed,0,Production       ,Elijiah Gray,16,4,Exceeds,4.3,3,0,28-01-2019,0,4
Smith, John, John Smith,10291,0,1,72992,0,Sales Manager,1886,16-08-1984,Male ,0,US Citizen,No,2,18-05-2014,27-07-2024,N/A-StillEmployed,0,Sales,Debra Houlihan,15,1,Needs Improvement,2.4,4,0,16-01-2019,2,16
Smith, Leigh Ann, Leigh Ann Smith,10153,1,1,55000,1,Administrative Assistant,1844,14-06-1987,Female,1,US Citizen,No,2,26-09-2011,25-09-2013,career change,2,Admin Offices,Brandon R. LeBlanc,1,1,Fully Meets,3.8,4,4,15-08-2013,0,17
Smith, Sade, Sade Smith,10157,0,0,58939,0,Production Technician I,2130,02-02-1965,Female,3,US Citizen,No,5,11-11-2013,27-07-2024,N/A-StillEmployed,0,Production       ,Ketsia Liebig,19,2,Fully Meets,3.73,3,0,24-01-2019,0,16
Soto, Julia , Julia  Soto,10119,1,0,66593,0,IT Support,2360,12-03-1973,Female,1,US Citizen,No,2,10-06-2011,27-07-2024,N/A-StillEmployed,0,IT/IS,Eric Dougall,6,5,Fully Meets,4.3,3,5,08-02-2019,0,19
Soze, Keyser, Keyser Soze,10180,1,0,87565,0,Sr. Network Engineer,1545,09-02-1983,Male ,1,US Citizen,No,1,30-06-2016,27-07-2024,N/A-StillEmployed,0,IT/IS,Peter Monroe,7,5,Fully Meets,3.27,4,5,14-01-2019,0,13
Sparks, Taylor  , Taylor   Sparks,10302,1,0,64021,0,Production Technician I,2093,20-07-1968,Female,1,US Citizen,No,5,20-02-2012,27-07-2024,N/A-StillEmployed,0,Production       ,Brannon Miller,12,4,PIP,2.4,2,1,25-02-2019,6,20
Spirea, Kelley, Kelley Spirea,10090,1,0,65714,0,Production Manager,2451,30-09-1975,Female,1,US Citizen,No,5,02-10-2012,27-07-2024,N/A-StillEmployed,0,Production       ,Janet King,2,5,Fully Meets,4.83,5,0,14-02-2019,0,15
Squatrito, Kristen, Kristen Squatrito,10030,0,0,62425,1,Production Technician I,2359,26-03-1973,Female,0,US Citizen,No,5,13-05-2013,29-06-2015,unhappy,2,Production       ,David Stanley,14,5,Exceeds,4.1,4,0,02-03-2015,0,16
Stanford,Barbara  M,Barbara  M Stanford,10278,0,0,47961,0,Production Technician I,2050,25-08-1982,Female,0,US Citizen,No,4,10-01-2011,27-07-2024,N/A-StillEmployed,0,Production       ,Kissy Sullivan,20,3,Fully Meets,4.1,4,0,07-02-2019,0,9
Stansfield, Norman, Norman Stansfield,10307,1,0,58273,0,Area Sales Manager,89139,09-05-1974,Male ,1,US Citizen,No,5,12-05-2014,27-07-2024,N/A-StillEmployed,0,Sales,Lynn Daneault,21,8,PIP,1.81,2,0,17-01-2019,3,5
Steans, Tyrone  , Tyrone   Steans,10147,0,0,63003,0,Accountant I,2703,01-09-1986,Male ,3,US Citizen,No,5,29-09-2014,27-07-2024,N/A-StillEmployed,0,Admin Offices,Brandon R. LeBlanc,1,4,Fully Meets,3.9,5,5,18-01-2019,0,9
Stoica, Rick, Rick Stoica,10266,1,0,61355,0,Production Technician I,2301,14-03-1985,Male ,1,US Citizen,No,1,17-02-2014,27-07-2024,N/A-StillEmployed,0,Production       ,Kelley Spirea,18,5,Fully Meets,4.7,3,0,11-01-2019,0,4
Strong, Caitrin, Caitrin Strong,10241,1,0,60120,0,Area Sales Manager,59102,12-05-1989,Female,1,US Citizen,No,2,27-09-2010,27-07-2024,N/A-StillEmployed,0,Sales,John Smith,17,4,Fully Meets,4.1,4,0,31-01-2019,0,18
Sullivan, Kissy , Kissy  Sullivan,10158,1,0,63682,0,Production Manager,1776,28-03-1978,Female,1,US Citizen,No,2,08-01-2009,27-07-2024,N/A-StillEmployed,0,Production       ,Janet King,2,4,Fully Meets,3.73,4,0,24-01-2019,0,12
Sullivan, Timothy, Timothy Sullivan,10117,1,0,63025,0,Production Technician I,2747,07-10-1982,Male ,1,US Citizen,Yes,5,05-01-2015,27-07-2024,N/A-StillEmployed,0,Production       ,Michael Albert,22,3,Fully Meets,4.36,5,0,24-01-2019,0,10
Sutwell, Barbara, Barbara Sutwell,10209,0,0,59238,0,Production Technician I,2718,15-08-1968,Female,3,Eligible NonCitizen,No,1,14-05-2012,27-07-2024,N/A-StillEmployed,0,Production       ,Elijiah Gray,16,4,Fully Meets,3.4,5,0,31-01-2019,0,13
Szabo, Andrew, Andrew Szabo,10024,0,0,92989,0,Software Engineer,2140,06-05-1983,Male ,3,US Citizen,No,5,07-07-2014,27-07-2024,N/A-StillEmployed,0,Software Engineering,Alex Sweetwater,10,5,Exceeds,4.5,5,5,18-02-2019,0,1
Tannen, Biff, Biff Tannen,10173,1,0,90100,0,BI Developer,2134,24-10-1987,Male ,1,US Citizen,No,5,20-04-2017,27-07-2024,N/A-StillEmployed,0,IT/IS,Brian Champaigne,13,4,Fully Meets,3.4,3,6,02-01-2019,0,14
Tavares, Desiree  , Desiree   Tavares,10221,1,1,60754,1,Production Technician I,1801,03-04-1975,Female,1,Non-Citizen,No,2,27-04-2009,01-04-2013,Another position,2,Production       ,Webster Butler,39,1,Fully Meets,4.5,5,0,15-02-2012,0,11
Tejeda, Lenora , Lenora  Tejeda,10146,1,0,72202,1,Production Technician II,2129,24-05-1953,Female,1,US Citizen,No,5,16-05-2011,08-07-2017,Another position,2,Production       ,Elijiah Gray,16,3,Fully Meets,3.93,3,0,18-04-2017,0,3
Terry, Sharlene , Sharlene  Terry,10161,0,0,58370,0,Area Sales Manager,97756,07-05-1965,Female,3,US Citizen,No,2,29-09-2014,27-07-2024,N/A-StillEmployed,0,Sales,Lynn Daneault,21,4,Fully Meets,3.69,3,0,28-01-2019,0,18
Theamstern, Sophia, Sophia Theamstern,10141,0,0,48413,1,Production Technician I,2066,09-05-1965,Female,3,US Citizen,No,5,05-07-2011,05-09-2016,return to school,2,Production       ,Amy Dunn,11,4,Fully Meets,3.98,4,0,02-03-2016,0,1
Thibaud, Kenneth, Kenneth Thibaud,10268,0,0,67176,1,Production Technician II,2472,16-09-1975,Male ,4,US Citizen,No,5,25-06-2007,30-08-2010,military,2,Production       ,Webster Butler,39,7,Fully Meets,4.1,4,0,14-07-2010,0,15
Tippett, Jeanette, Jeanette Tippett,10123,0,0,56339,0,Production Technician I,2093,05-06-1967,Female,0,US Citizen,No,2,18-02-2013,27-07-2024,N/A-StillEmployed,0,Production       ,Brannon Miller,12,4,Fully Meets,4.21,5,0,14-01-2019,0,4
Torrence, Jack, Jack Torrence,10013,0,0,64397,0,Area Sales Manager,58782,15-01-1968,Male ,2,US Citizen,No,5,09-01-2006,27-07-2024,N/A-StillEmployed,0,Sales,Lynn Daneault,21,4,Exceeds,4.1,3,0,04-01-2019,0,6
Trang, Mei, Mei Trang,10287,0,0,63025,0,Production Technician I,2021,16-05-1983,Female,3,US Citizen,No,5,17-02-2014,27-07-2024,N/A-StillEmployed,0,Production       ,David Stanley,14,5,Needs Improvement,2.44,5,0,11-02-2019,4,18
Tredinnick, Neville , Neville  Tredinnick,10044,1,0,75281,1,Network Engineer,1420,05-05-1988,Male ,1,US Citizen,No,5,05-01-2015,12-02-2016,medical issues,2,IT/IS,Peter Monroe,7,0,Fully Meets,5,3,5,15-04-2015,0,11
TRUE, Edward, Edward TRUE,10102,0,1,100416,1,Software Engineer,2451,14-06-1983,Male ,3,Non-Citizen,No,2,18-02-2013,15-04-2018,medical issues,2,Software Engineering,Alex Sweetwater,10,1,Fully Meets,4.6,3,4,12-02-2017,0,9
Trzeciak, Cybil, Cybil Trzeciak,10270,0,0,74813,1,Production Technician II,1778,15-03-1985,Female,3,US Citizen,No,5,10-01-2011,02-07-2014,unhappy,2,Production       ,Amy Dunn,11,5,Fully Meets,4.4,3,0,05-01-2014,0,5
Turpin, Jumil, Jumil Turpin,10045,1,0,76029,0,Network Engineer,2343,31-03-1969,Male ,1,Eligible NonCitizen,No,5,30-03-2015,27-07-2024,N/A-StillEmployed,0,IT/IS,Peter Monroe,7,2,Fully Meets,5,4,7,14-01-2019,0,8
Valentin,Jackie,Jackie Valentin,10205,1,0,57859,0,Area Sales Manager,85006,23-05-1991,Female,1,US Citizen,No,4,05-07-2011,27-07-2024,N/A-StillEmployed,0,Sales,John Smith,17,4,Fully Meets,2.81,3,0,17-01-2019,0,16
Veera, Abdellah , Abdellah  Veera,10014,0,0,58523,1,Production Technician I,2171,31-01-1987,Male ,0,US Citizen,No,5,13-08-2012,05-02-2016,maternity leave - did not return,2,Production       ,Kissy Sullivan,20,5,Exceeds,4.5,5,0,01-02-2016,0,15
Vega, Vincent, Vincent Vega,10144,0,0,88976,0,Production Manager,2169,10-10-1968,Male ,0,US Citizen,No,5,01-08-2011,27-07-2024,N/A-StillEmployed,0,Production       ,Janet King,2,2,Fully Meets,3.93,3,0,27-02-2019,0,19
Villanueva, Noah, Noah Villanueva,10253,0,0,55875,0,Area Sales Manager,4063,11-07-1989,Male ,3,US Citizen,No,1,05-03-2012,27-07-2024,N/A-StillEmployed,0,Sales,John Smith,17,8,Fully Meets,4.5,4,0,18-01-2019,0,11
Voldemort, Lord, Lord Voldemort,10118,1,0,113999,1,Database Administrator,1960,07-08-1986,Male ,1,US Citizen,No,2,16-02-2015,22-02-2017,"no-call, no-show",1,IT/IS,Simon Roup,4,2,Fully Meets,4.33,3,7,15-02-2017,0,9
Volk, Colleen, Colleen Volk,10022,1,0,49773,1,Production Technician I,2747,03-06-1986,Female,1,US Citizen,No,5,26-09-2011,08-02-2016,gross misconduct,1,Production       ,Kelley Spirea,18,3,Exceeds,4.3,5,0,01-02-2015,0,18
Von Massenbach, Anna, Anna Von Massenbach,10183,0,0,62068,0,Production Technician I,2124,06-04-1985,Female,3,US Citizen,No,5,05-07-2015,27-07-2024,N/A-StillEmployed,0,Production       ,Michael Albert,22,5,Fully Meets,3.21,3,0,29-01-2019,0,7
Walker, Roger, Roger Walker,10190,0,0,66541,0,Production Technician II,2459,10-02-1976,Male ,3,US Citizen,No,2,18-08-2014,27-07-2024,N/A-StillEmployed,0,Production       ,Ketsia Liebig,19,2,Fully Meets,3.11,5,0,12-02-2019,0,4
Wallace, Courtney  E, Courtney  E Wallace,10274,1,1,80512,1,Production Manager,2478,14-11-1955,Female,1,US Citizen,No,2,26-09-2011,02-01-2012,Another position,2,Production       ,Janet King,2,1,Fully Meets,4.5,3,0,02-01-2012,0,5
Wallace, Theresa, Theresa Wallace,10293,0,0,50274,1,Production Technician I,1887,02-08-1980,Female,3,US Citizen,No,5,13-08-2012,01-09-2015,career change,2,Production       ,Elijiah Gray,16,0,Needs Improvement,2.5,3,0,05-09-2014,6,13
Wang, Charlie, Charlie Wang,10172,0,0,84903,0,Senior BI Developer,1887,08-07-1981,Male ,3,US Citizen,No,1,15-02-2017,27-07-2024,N/A-StillEmployed,0,IT/IS,Brian Champaigne,13,4,Fully Meets,3.42,4,7,04-01-2019,0,17
Warfield, Sarah, Sarah Warfield,10127,0,0,107226,0,Sr. Network Engineer,2453,02-05-1978,Female,4,US Citizen,No,1,30-03-2015,27-07-2024,N/A-StillEmployed,0,IT/IS,Peter Monroe,7,2,Fully Meets,4.2,4,8,05-02-2019,0,7
Whittier, Scott, Scott Whittier,10072,0,0,58371,1,Production Technician I,2030,24-05-1987,Male ,3,US Citizen,Yes,5,10-01-2011,15-05-2014,hours,2,Production       ,Webster Butler,39,5,Fully Meets,5,5,0,15-05-2014,0,11
Wilber, Barry, Barry Wilber,10048,1,0,55140,1,Production Technician I,2324,09-09-1965,Male ,1,Eligible NonCitizen,No,5,16-05-2011,07-09-2015,unhappy,2,Production       ,Amy Dunn,11,8,Fully Meets,5,3,0,15-02-2015,0,7
Wilkes, Annie, Annie Wilkes,10204,0,0,58062,1,Production Technician I,1876,30-07-1983,Female,0,US Citizen,No,5,10-01-2011,14-05-2012,Another position,2,Production       ,Ketsia Liebig,19,3,Fully Meets,3.6,5,0,06-02-2011,0,9
Williams, Jacquelyn  , Jacquelyn   Williams,10264,0,1,59728,1,Production Technician I,2109,02-10-1969,Female,3,US Citizen,Yes,2,09-01-2012,27-06-2015,relocation out of area,2,Production       ,Ketsia Liebig,19,1,Fully Meets,4.3,4,0,02-06-2014,0,16
Winthrop, Jordan  , Jordan   Winthrop,10033,0,0,70507,1,Production Technician II,2045,07-11-1958,Male ,3,US Citizen,No,5,07-01-2013,21-02-2016,retiring,2,Production       ,Brannon Miller,12,5,Exceeds,5,3,0,19-01-2016,0,7
Wolk, Hang  T, Hang  T Wolk,10174,0,0,60446,0,Production Technician II,2302,20-04-1985,Female,3,US Citizen,No,5,29-09-2014,27-07-2024,N/A-StillEmployed,0,Production       ,David Stanley,14,5,Fully Meets,3.4,4,0,21-02-2019,0,14
Woodson, Jason, Jason Woodson,10135,0,0,65893,0,Production Technician II,1810,11-05-1985,Male ,3,US Citizen,No,5,07-07-2014,27-07-2024,N/A-StillEmployed,0,Production       ,Kissy Sullivan,20,5,Fully Meets,4.07,4,0,28-02-2019,0,13
Ybarra, Catherine , Catherine  Ybarra,10301,0,0,48513,1,Production Technician I,2458,04-05-1982,Female,3,US Citizen,No,1,02-09-2008,29-09-2015,Another position,2,Production       ,Brannon Miller,12,3,PIP,3.2,2,0,02-09-2015,5,4
Zamora, Jennifer, Jennifer Zamora,10010,0,0,220450,0,CIO,2067,30-08-1979,Female,3,US Citizen,No,5,10-04-2010,27-07-2024,N/A-StillEmployed,0,IT/IS,Janet King,2,2,Exceeds,4.6,5,6,21-02-2019,0,16
Zhou, Julia, Julia Zhou,10043,0,0,89292,0,Data Analyst,2148,24-02-1979,Female,3,US Citizen,No,5,30-03-2015,27-07-2024,N/A-StillEmployed,0,IT/IS,Simon Roup,4,2,Fully Meets,5,3,5,01-02-2019,0,11
Zima, Colleen, Colleen Zima,10271,0,0,45046,0,Production Technician I,1730,17-08-1978,Female,4,US Citizen,No,1,29-09-2014,27-07-2024,N/A-StillEmployed,0,Production       ,David Stanley,14,5,Fully Meets,4.5,5,0,30-01-2019,0,2
